TV,Radio,Newspaper,Sales,Total_Spend,TV_Share,Radio_Share,Newspaper_Share,TV_Radio_Synergy,TV_Newspaper_Synergy,Radio_Newspaper_Synergy,TV_Sqrt,Radio_Sqrt,Newspaper_Sqrt,Spend_Tier,Cluster_ID,Market_Segment
230.1,37.8,69.2,22.1,337.09999999999997,0.6825867674797189,0.11213289791713765,0.20528033163666473,8697.779999999999,15922.92,2615.7599999999998,15.16904743218901,6.148170459575759,8.318653737234168,High-Budget Tier,2,Radio-Boosted Metro
44.5,39.3,45.1,10.4,128.9,0.3452288569028017,0.3048875073321372,0.34988362800710915,1748.85,2006.95,1772.4299999999998,6.670832032063167,6.268971207462991,6.715653356152326,Low-Budget Tier,0,Radio-Boosted Metro
17.2,45.9,69.3,9.3,132.39999999999998,0.12990936457772384,0.34667673454171655,0.5234138933276897,789.4799999999999,1191.9599999999998,3180.87,4.147288270665544,6.774953874381729,8.324662155306964,Low-Budget Tier,2,Radio-Boosted Metro
151.5,41.3,58.5,18.5,251.3,0.6028650990733582,0.1643454032457405,0.23278949370159374,6256.95,8862.75,2416.0499999999997,12.30853362509117,6.4265076052238514,7.648529270389178,High-Budget Tier,2,Radio-Boosted Metro
180.8,10.8,58.4,12.9,250.00000000000003,0.7231999971072,0.0431999998272,0.23359999906559997,1952.6400000000003,10558.720000000001,630.72,13.446189051177289,3.286335345030997,7.64198926981712,High-Budget Tier,2,Radio-Boosted Metro
8.7,48.9,75.0,7.2,132.6,0.06561085923370392,0.3687782777618531,0.565610855462965,425.42999999999995,652.5,3667.5,2.949576240750525,6.992853494818835,8.660254037844387,Low-Budget Tier,2,Radio-Boosted Metro
57.5,32.8,23.5,11.8,113.8,0.5052724032928612,0.2882249535305364,0.20650263438925628,1885.9999999999998,1351.25,770.8,7.582875444051551,5.727128425310541,4.847679857416329,Low-Budget Tier,0,Radio-Boosted Metro
120.2,19.6,11.6,13.2,151.4,0.7939233765262657,0.12945838752008992,0.07661822934862464,2355.92,1394.32,227.36,10.963576058932597,4.427188724235731,3.40587727318528,Mid-Budget Tier,1,Conservative / Niche
8.6,2.1,1.0,4.8,11.7,0.7350426722185751,0.17948716414639626,0.0854700781649506,18.06,8.6,2.1,2.932575659723036,1.449137674618944,1.0,Low-Budget Tier,1,Conservative / Niche
199.8,2.6,21.2,10.6,223.6,0.8935599244474065,0.011627906924741025,0.09481216415558066,519.48,4235.76,55.12,14.135062787267696,1.61245154965971,4.604345773288535,Mid-Budget Tier,3,TV-Dominant Reach
66.1,5.8,24.2,8.6,96.1,0.6878251749445872,0.060353797498919906,0.2518210171506658,383.37999999999994,1599.62,140.35999999999999,8.130190649671137,2.4083189157584592,4.919349550499537,Low-Budget Tier,1,Conservative / Niche
214.7,24.0,4.0,17.4,242.7,0.8846312283286724,0.09888751504372677,0.016481252507287793,5152.799999999999,858.8,96.0,14.652644812456213,4.898979485566356,2.0,Mid-Budget Tier,3,TV-Dominant Reach
23.8,35.1,65.9,9.2,124.80000000000001,0.19070512667704226,0.28124999774639425,0.528044867563743,835.3800000000001,1568.42,2313.09,4.878524367060187,5.92452529743945,8.117881497040962,Low-Budget Tier,2,Radio-Boosted Metro
97.5,7.6,7.2,9.7,112.3,0.8682101436490638,0.06767586760751676,0.0641139798387001,741.0,702.0,54.72,9.874208829065749,2.756809750418044,2.6832815729997477,Low-Budget Tier,1,Conservative / Niche
204.1,32.9,46.0,19.0,283.0,0.7212014108791469,0.11625441655033775,0.1625441690369464,6714.889999999999,9388.6,1513.3999999999999,14.286357128393508,5.735852159879995,6.782329983125268,High-Budget Tier,2,Radio-Boosted Metro
195.4,47.7,52.9,22.4,296.0,0.6601351329049489,0.16114864810422755,0.17871621561244522,9320.58,10336.66,2523.33,13.978555004005242,6.906518659932803,7.273238618387272,High-Budget Tier,2,Radio-Boosted Metro
67.8,36.6,114.0,12.5,218.4,0.31043955901813386,0.16758241681509883,0.5219780195880127,2481.48,7729.2,4172.400000000001,8.23407554009556,6.04979338490167,10.677078252031311,Mid-Budget Tier,2,Radio-Boosted Metro
281.4,39.6,55.8,24.4,376.8,0.7468152846422099,0.1050955411223579,0.1480891715815043,11143.439999999999,15702.119999999997,2209.68,16.774981371077583,6.29285308902091,7.469939758793239,High-Budget Tier,2,Radio-Boosted Metro
69.2,20.5,18.3,11.3,108.0,0.6407407348079562,0.18981481305727024,0.16944444287551444,1418.6000000000001,1266.3600000000001,375.15000000000003,8.318653737234168,4.527692569068709,4.277849927241488,Low-Budget Tier,1,Conservative / Niche
147.3,23.9,19.1,14.6,190.3,0.7740409838463427,0.12559117117398227,0.10036783972481429,3520.4700000000003,2813.4300000000003,456.49,12.136721138759018,4.888762624632126,4.370354676682432,Mid-Budget Tier,3,TV-Dominant Reach
218.4,27.7,53.4,18.0,299.5,0.7292153564967768,0.0924874788230802,0.17829716134124488,6049.68,11662.56,1479.1799999999998,14.778362561528933,5.263078946776307,7.307530362578044,High-Budget Tier,2,Radio-Boosted Metro
237.4,5.1,23.5,12.5,266.0,0.8924811996523263,0.019172932258748374,0.08834586432952683,1210.74,5578.900000000001,119.85,15.407790237409127,2.258317958127243,4.847679857416329,High-Budget Tier,3,TV-Dominant Reach
13.2,15.9,49.6,5.6,78.7,0.1677255378942117,0.2020330342816641,0.6302414151176441,209.88,654.72,788.64,3.63318042491699,3.987480407475377,7.042726744663604,Low-Budget Tier,1,Conservative / Niche
228.3,16.9,26.2,15.5,271.40000000000003,0.8411938067752622,0.06226971237188756,0.09653647716825173,3858.27,5981.46,442.78,15.109599597606815,4.110960958218893,5.118593556827891,High-Budget Tier,3,TV-Dominant Reach
62.3,12.6,18.3,9.7,93.19999999999999,0.6684549284500545,0.13519313159664023,0.1963519292236918,784.9799999999999,1140.09,230.58,7.893034904268446,3.5496478698597698,4.277849927241488,Low-Budget Tier,1,Conservative / Niche
262.9,3.5,19.5,12.0,285.9,0.9195522877945006,0.012242042629443714,0.06820566607832926,920.1499999999999,5126.549999999999,68.25,16.214191315017842,1.8708286933869707,4.415880433163924,High-Budget Tier,3,TV-Dominant Reach
142.9,29.3,12.6,15.0,184.8,0.7732683940840455,0.15854978269183018,0.06818181781286894,4186.97,1800.54,369.18,11.954078801814886,5.412947441089743,3.5496478698597698,Mid-Budget Tier,0,Radio-Boosted Metro
240.1,16.7,22.9,15.9,279.7,0.8584197323617457,0.05970682853161663,0.08187343553137849,4009.6699999999996,5498.29,382.42999999999995,15.49516053482506,4.08656334834051,4.78539444560216,High-Budget Tier,3,TV-Dominant Reach
248.8,27.1,22.9,18.9,298.8,0.8326639865038019,0.09069611750101701,0.07663989264846086,6742.4800000000005,5697.5199999999995,620.59,15.773395322504284,5.205766033928148,4.78539444560216,High-Budget Tier,3,TV-Dominant Reach
70.6,16.0,40.8,10.5,127.39999999999999,0.5541601212389315,0.12558869603148592,0.32025117488028904,1129.6,2880.4799999999996,652.8,8.402380615040002,4.0,6.387487769068525,Low-Budget Tier,1,Conservative / Niche
292.9,28.3,43.2,21.4,364.4,0.8037870449950959,0.07766190977590036,0.11855104248476664,8289.07,12653.28,1222.5600000000002,17.11432148815722,5.319774431308154,6.572670690061994,High-Budget Tier,3,TV-Dominant Reach
112.9,17.4,38.6,11.9,168.9,0.6684428616433223,0.1030195375783331,0.2285375948576815,1964.46,4357.9400000000005,671.64,10.625441167311596,4.171330722922842,6.212889826803627,Mid-Budget Tier,1,Conservative / Niche
97.2,1.5,30.0,9.6,128.7,0.7552447493764978,0.011655011564452126,0.2331002312890425,145.8,2916.0,45.0,9.85900603509299,1.224744871391589,5.477225575051661,Low-Budget Tier,1,Conservative / Niche
265.6,20.0,0.3,17.4,285.90000000000003,0.9289961492515,0.06995452931110692,0.0010493179396666038,5312.0,79.68,6.0,16.29723902997069,4.47213595499958,0.5477225575051661,High-Budget Tier,3,TV-Dominant Reach
95.7,1.4,7.4,9.5,104.50000000000001,0.9157894649206749,0.013397129058400677,0.07081339645154644,133.98,708.1800000000001,10.36,9.78263768111648,1.1832159566199232,2.7202941017470885,Low-Budget Tier,1,Conservative / Niche
290.7,4.1,8.5,12.8,303.3,0.9584569701336729,0.013517968963013618,0.02802505760624775,1191.87,2470.95,34.849999999999994,17.049926686059386,2.0248456731316584,2.9154759474226504,High-Budget Tier,3,TV-Dominant Reach
266.9,43.8,5.0,25.4,315.7,0.8454228671351826,0.13873930903155113,0.015837820665702183,11690.219999999998,1334.5,219.0,16.337074401495514,6.618156843109719,2.23606797749979,High-Budget Tier,3,TV-Dominant Reach
74.7,49.4,45.7,14.7,169.8,0.43992932603104046,0.290930504764838,0.26914016331484003,3690.18,3413.7900000000004,2257.58,8.64291617453276,7.0285133563222315,6.760177512462229,Mid-Budget Tier,0,Radio-Boosted Metro
43.1,26.7,35.1,10.1,104.9,0.4108674889335797,0.25452811959458416,0.33460438193894776,1150.77,1512.8100000000002,937.17,6.565059024867941,5.167204273105526,5.92452529743945,Low-Budget Tier,0,Radio-Boosted Metro
228.0,37.7,32.0,21.5,297.7,0.7658716803296215,0.12663755415976638,0.10749076215152582,8595.6,7296.0,1206.4,15.0996688705415,6.1400325732035,5.656854249492381,High-Budget Tier,2,Radio-Boosted Metro
202.5,22.3,31.6,16.6,256.40000000000003,0.7897815881833791,0.08697347859994742,0.12324492931651743,4515.75,6399.0,704.6800000000001,14.230249470757707,4.722287581247038,5.621387729022079,High-Budget Tier,3,TV-Dominant Reach
177.0,33.4,38.7,17.1,249.10000000000002,0.7105580059792934,0.13408269717349378,0.15535929283276076,5911.8,6849.900000000001,1292.58,13.30413469565007,5.779273310719955,6.220932405998316,Mid-Budget Tier,2,Radio-Boosted Metro
293.6,27.7,1.8,20.7,323.1,0.9086969950210554,0.08573197126050147,0.005571030623426089,8132.72,528.48,49.86,17.134759992483115,5.263078946776307,1.3416407864998738,High-Budget Tier,3,TV-Dominant Reach
206.9,8.4,26.4,12.9,241.70000000000002,0.8560198557880849,0.034753826914547675,0.10922631316000697,1737.96,5462.16,221.76,14.384018909887459,2.898275349237888,5.138093031466052,Mid-Budget Tier,3,TV-Dominant Reach
25.1,25.7,43.3,8.5,94.1,0.2667375104491232,0.27311370591802653,0.4601487730058579,645.07,1086.83,1112.81,5.0099900199501395,5.06951674225463,6.58027355054484,Low-Budget Tier,0,Radio-Boosted Metro
175.1,22.5,31.5,14.9,229.1,0.7642950643199692,0.09821038804796862,0.13749454326715607,3939.75,5515.65,708.75,13.232535660258014,4.743416490252569,5.612486080160912,Mid-Budget Tier,3,TV-Dominant Reach
89.7,9.9,35.7,10.6,135.3,0.6629711702662885,0.07317073116651344,0.26385809117621517,888.0300000000001,3202.2900000000004,353.43000000000006,9.47100839404126,3.146426544510455,5.974947698515862,Low-Budget Tier,1,Conservative / Niche
239.9,41.5,18.5,23.2,299.9,0.7999333084363679,0.13837945935852133,0.06168722887066613,9955.85,4438.150000000001,767.75,15.488705562441298,6.442049363362563,4.301162633521313,High-Budget Tier,3,TV-Dominant Reach
227.2,15.8,49.9,14.8,292.9,0.7756913595913576,0.0539433251828497,0.1703653118116582,3589.7599999999998,11337.279999999999,788.42,15.073154945133417,3.9749213828703582,7.063993204979744,High-Budget Tier,3,TV-Dominant Reach
66.9,11.7,36.8,9.7,115.4,0.5797226986159212,0.10138648092386064,0.31889081179470696,782.73,2461.92,430.55999999999995,8.179242018671413,3.420526275297414,6.06630035524124,Low-Budget Tier,1,Conservative / Niche
199.8,3.1,34.6,11.4,237.5,0.8412631543525763,0.01305263152398892,0.1456842099129086,619.3800000000001,6913.080000000001,107.26,14.135062787267696,1.760681686165901,5.882176467941097,Mid-Budget Tier,3,TV-Dominant Reach
100.4,9.6,3.6,10.7,113.6,0.8838028091214543,0.08450704150962111,0.03169014056610792,963.84,361.44000000000005,34.56,10.019980039900279,3.0983866769659336,1.8973665961010275,Low-Budget Tier,1,Conservative / Niche
216.4,41.7,39.6,22.6,297.70000000000005,0.7269062790496933,0.14007389942870707,0.13301981816251318,9023.880000000001,8569.44,1651.3200000000002,14.710540438746634,6.457553716385176,6.29285308902091,High-Budget Tier,2,Radio-Boosted Metro
182.6,46.2,58.7,21.2,287.5,0.6351304325734594,0.16069565161497165,0.20417391233330814,8436.12,10718.62,2711.9400000000005,13.512956745287095,6.797058187186572,7.661592523751182,High-Budget Tier,2,Radio-Boosted Metro
262.7,28.8,15.9,20.2,307.4,0.8545868547345906,0.09368900424954782,0.05172413776277119,7565.76,4176.93,457.92,16.208022704821214,5.366563145999495,3.987480407475377,High-Budget Tier,3,TV-Dominant Reach
198.9,49.4,60.0,23.7,308.3,0.6451508250238377,0.16023353824121458,0.19461563349135377,9825.66,11934.0,2964.0,14.10319112825179,7.0285133563222315,7.745966692414834,High-Budget Tier,2,Radio-Boosted Metro
7.3,28.1,41.4,5.5,76.8,0.09505208209567602,0.36588541190253376,0.5390624929809571,205.13,302.21999999999997,1163.34,2.701851217221259,5.300943312279429,6.434283176858165,Low-Budget Tier,0,Radio-Boosted Metro
136.2,19.2,16.6,13.2,171.99999999999997,0.7918604605124393,0.11162790632774475,0.09651162734586266,2615.0399999999995,2260.92,318.72,11.670475568716126,4.381780460041329,4.0743097574926725,Mid-Budget Tier,1,Conservative / Niche
210.8,49.6,37.7,23.8,298.1,0.7071452508985399,0.16638711785847998,0.1264676278884011,10455.68,7947.160000000001,1869.9200000000003,14.51895313030523,7.042726744663604,6.1400325732035,High-Budget Tier,2,Radio-Boosted Metro
210.7,29.5,9.3,18.4,249.5,0.8444889745711864,0.1182364724719981,0.037274548948799405,6215.65,1959.51,274.35,14.515508947329405,5.431390245600108,3.0495901363953815,High-Budget Tier,3,TV-Dominant Reach
53.5,2.0,21.4,8.1,76.9,0.6957087035668569,0.026007802002499324,0.27828348142674275,107.0,1144.8999999999999,42.8,7.314369419163897,1.4142135623730951,4.626013402488151,Low-Budget Tier,1,Conservative / Niche
261.3,42.7,54.7,24.2,358.7,0.7284638953764598,0.11904098098957074,0.15249512084612457,11157.510000000002,14293.11,2335.69,16.16477652180815,6.534523701081817,7.395944834840239,High-Budget Tier,2,Radio-Boosted Metro
239.3,15.5,27.3,15.7,282.1,0.8482807484995365,0.05494505475028339,0.09677419320533784,3709.15,6532.89,423.15000000000003,15.469324484281788,3.9370039370059056,5.224940191045253,High-Budget Tier,3,TV-Dominant Reach
102.7,29.6,8.4,14.0,140.70000000000002,0.7299218142862699,0.21037668649341373,0.05970149211299579,3039.92,862.6800000000001,248.64000000000001,10.134100848126586,5.440588203494177,2.898275349237888,Low-Budget Tier,0,Radio-Boosted Metro
131.1,42.8,28.9,18.0,202.79999999999998,0.64644970095439,0.21104536385086115,0.14250493026378241,5611.079999999999,3788.7899999999995,1236.9199999999998,11.449890829173874,6.54217089351845,5.375872022286245,Mid-Budget Tier,0,Radio-Boosted Metro
69.0,9.3,0.9,9.3,79.2,0.8712121102119683,0.11742424094161313,0.011363636220156108,641.7,62.1,8.370000000000001,8.306623862918075,3.0495901363953815,0.9486832980505138,Low-Budget Tier,1,Conservative / Niche
31.5,24.6,2.2,9.5,58.300000000000004,0.5403087385881863,0.42195539584982167,0.037735848409333646,774.9000000000001,69.30000000000001,54.120000000000005,5.612486080160912,4.959838707054898,1.4832396974191326,Low-Budget Tier,0,Radio-Boosted Metro
139.3,14.5,10.2,13.4,164.0,0.8493902387232304,0.08841463360722784,0.06219512157198096,2019.8500000000001,1420.8600000000001,147.89999999999998,11.802542099056458,3.8078865529319543,3.1937438845342623,Mid-Budget Tier,1,Conservative / Niche
237.4,27.5,11.0,18.9,275.9,0.8604566840867827,0.09967379449193986,0.039869517796775944,6528.5,2611.4,302.5,15.407790237409127,5.244044240850758,3.3166247903554,High-Budget Tier,3,TV-Dominant Reach
216.8,43.9,27.2,22.3,287.9,0.7530392471238652,0.1524835006860594,0.09447724871664728,9517.52,5896.96,1194.08,14.724129855444769,6.6257075093909785,5.215361924162119,High-Budget Tier,2,Radio-Boosted Metro
199.1,30.6,38.7,18.3,268.4,0.7418032759247271,0.11400894145302184,0.1441877788964688,6092.46,7705.17,1184.2200000000003,14.110279940525631,5.531726674375733,6.220932405998316,High-Budget Tier,2,Radio-Boosted Metro
109.8,14.3,31.7,12.4,155.79999999999998,0.7047496745523129,0.09178433830690413,0.20346598072229796,1570.14,3480.66,453.31,10.478549517943788,3.7815340802378077,5.630275304103699,Mid-Budget Tier,1,Conservative / Niche
26.8,33.0,19.3,8.8,79.1,0.3388116265636963,0.4171934207687305,0.24399494002534847,884.4,517.24,636.9,5.176871642217914,5.744562646538029,4.39317652729776,Low-Budget Tier,0,Radio-Boosted Metro
129.4,5.7,31.3,11.0,166.4,0.7776442260958881,0.034254807486449476,0.1881009604080471,737.58,4050.2200000000003,178.41,11.3754120804479,2.3874672772626644,5.594640292279746,Mid-Budget Tier,1,Conservative / Niche
213.4,24.6,13.1,17.0,251.1,0.8498606099169231,0.09796893628845506,0.05217044981214476,5249.64,2795.54,322.26,14.608216865860118,4.959838707054898,3.6193922141707713,High-Budget Tier,3,TV-Dominant Reach
16.9,43.7,89.4,8.7,150.0,0.11266666591555555,0.29133333139111117,0.5959999960266668,738.53,1510.86,3906.7800000000007,4.110960958218893,6.610597552415364,9.45515732285825,Mid-Budget Tier,2,Radio-Boosted Metro
27.5,1.6,20.7,6.9,49.8,0.5522088242528349,0.03212851341107403,0.41566264225577026,44.0,569.25,33.12,5.244044240850758,1.2649110640673518,4.54972526643093,Low-Budget Tier,1,Conservative / Niche
120.5,28.5,14.2,14.2,163.2,0.7383578386130035,0.1746323518711253,0.08700980338842032,3434.25,1711.1,404.7,10.977249200050075,5.338539126015656,3.7682887362833544,Mid-Budget Tier,0,Radio-Boosted Metro
5.4,29.9,9.4,5.3,44.699999999999996,0.1208053664249359,0.6689037881677006,0.21029082303599952,161.46,50.760000000000005,281.06,2.32379000772445,5.468089245796926,3.0659419433511785,Low-Budget Tier,0,Radio-Boosted Metro
116.0,7.7,23.1,11.0,146.8,0.7901907303120522,0.05245231571898967,0.15735694715696902,893.2,2679.6000000000004,177.87,10.770329614269007,2.7748873851023217,4.806245936279167,Low-Budget Tier,1,Conservative / Niche
76.4,26.7,22.3,11.8,125.4,0.6092503938656268,0.2129186585891654,0.17783093957072615,2039.88,1703.7200000000003,595.41,8.740709353364863,5.167204273105526,4.722287581247038,Low-Budget Tier,0,Radio-Boosted Metro
239.8,4.1,36.9,12.3,280.8,0.8539886009473341,0.014601139549141239,0.13141025594227115,983.18,8848.62,151.29,15.485477067239485,2.0248456731316584,6.074537019394976,High-Budget Tier,3,TV-Dominant Reach
75.3,20.3,32.5,11.3,128.1,0.5878220094627478,0.1584699441181113,0.2537080386127398,1528.59,2447.25,659.75,8.677557259966655,4.505552130427524,5.70087712549569,Low-Budget Tier,1,Conservative / Niche
68.4,44.5,35.6,13.6,148.5,0.46060605750433636,0.299663297645365,0.239730638116292,3043.8,2435.0400000000004,1584.2,8.270429251254134,6.670832032063167,5.966573556070519,Mid-Budget Tier,0,Radio-Boosted Metro
213.5,43.0,33.8,21.7,290.3,0.7354460877180637,0.14812263125000816,0.1164312775872157,9180.5,7216.299999999999,1453.3999999999999,14.611639196202457,6.557438524302,5.813776741499453,High-Budget Tier,2,Radio-Boosted Metro
193.2,18.4,65.7,15.2,277.3,0.6967183530590755,0.06635412886276909,0.2369275144719527,3554.8799999999997,12693.24,1208.8799999999999,13.899640283115243,4.2895221179054435,8.105553651663778,High-Budget Tier,2,Radio-Boosted Metro
76.3,27.5,16.0,12.0,119.8,0.636894819391529,0.2295492468318093,0.13355592542941633,2098.25,1220.8,440.0,8.734987120768983,5.244044240850758,4.0,Low-Budget Tier,0,Radio-Boosted Metro
110.7,40.6,63.2,16.0,214.5,0.5160839136779305,0.1892773883949772,0.2946386932650877,4494.42,6996.240000000001,2565.92,10.52140675005011,6.371812928829597,7.9498427657407165,Mid-Budget Tier,2,Radio-Boosted Metro
88.3,25.5,73.4,12.9,187.2,0.4716880316683332,0.13621794799028875,0.39209401499949786,2251.65,6481.22,1871.7,9.396807968666806,5.049752469181039,8.567379996241558,Mid-Budget Tier,2,Radio-Boosted Metro
109.8,47.8,51.4,16.7,209.0,0.5253588491609624,0.22870813287699457,0.245933013177354,5248.44,5643.719999999999,2456.9199999999996,10.478549517943788,6.913754406977442,7.1693793315739685,Mid-Budget Tier,2,Radio-Boosted Metro
134.3,4.9,9.3,11.2,148.50000000000003,0.9043770982870228,0.032996632774433446,0.06262626220453694,658.07,1248.9900000000002,45.57000000000001,11.588787684654509,2.2135943621178655,3.0495901363953815,Mid-Budget Tier,1,Conservative / Niche
28.6,1.5,33.0,7.3,63.1,0.4532488042274358,0.023771790431508868,0.5229793894931951,42.900000000000006,943.8000000000001,49.5,5.347896782848375,1.224744871391589,5.744562646538029,Low-Budget Tier,1,Conservative / Niche
217.7,33.5,59.0,19.4,310.2,0.7018052846492415,0.10799484168924939,0.1901998704377825,7292.95,12844.3,1976.5,14.75466028073842,5.787918451395113,7.681145747868608,High-Budget Tier,2,Radio-Boosted Metro
250.9,36.5,72.3,22.2,359.7,0.6975257139351524,0.10147344981519753,0.20100083346955563,9157.85,18140.07,2638.95,15.839823231336895,6.041522986797286,8.502940667792526,High-Budget Tier,2,Radio-Boosted Metro
107.4,14.0,10.9,11.5,132.3,0.8117913770839654,0.1058201050202562,0.08238851033719946,1503.6000000000001,1170.66,152.6,10.363397126425292,3.7416573867739413,3.3015148038438356,Low-Budget Tier,1,Conservative / Niche
163.3,31.6,52.9,16.9,247.8,0.6589991902380985,0.12752219480418808,0.2134786109222009,5160.280000000001,8638.57,1671.64,12.77888884058391,5.621387729022079,7.273238618387272,Mid-Budget Tier,2,Radio-Boosted Metro
197.6,3.5,5.9,11.7,207.0,0.9545893673691335,0.016908212478704287,0.02850241532124437,691.6,1165.8400000000001,20.650000000000002,14.057026712644463,1.8708286933869707,2.4289915602982237,Mid-Budget Tier,3,TV-Dominant Reach
184.9,21.0,22.0,15.5,227.9,0.8113207511569954,0.09214567752459114,0.09653356693052406,3882.9,4067.8,462.0,13.597793938724031,4.58257569495584,4.69041575982343,Mid-Budget Tier,3,TV-Dominant Reach
289.7,42.3,51.2,25.4,383.2,0.7560020857098066,0.110386221006299,0.13361169067429102,12254.31,14832.64,2165.7599999999998,17.020575783445164,6.5038450166036395,7.155417527999327,High-Budget Tier,2,Radio-Boosted Metro
135.2,41.7,45.9,17.2,222.79999999999998,0.6068222593948732,0.1871633743843655,0.20601436173243107,5637.84,6205.679999999999,1914.03,11.627553482998906,6.457553716385176,6.774953874381729,Mid-Budget Tier,2,Radio-Boosted Metro
222.4,4.3,49.8,11.7,276.5,0.8043399609246294,0.015551537014280154,0.1801084984444539,956.3199999999999,11075.52,214.14,14.913081505845799,2.073644135332772,7.05691150575094,High-Budget Tier,3,TV-Dominant Reach
296.4,36.3,100.9,23.8,433.6,0.6835793342168373,0.08371771198404586,0.23270295149284376,10759.319999999998,29906.76,3662.67,17.216271373325874,6.024948132556827,10.044899203078147,High-Budget Tier,2,Radio-Boosted Metro
280.2,10.1,21.4,14.8,311.7,0.8989412868176411,0.03240295145202775,0.0686557585221182,2830.02,5996.28,216.14,16.739175606940744,3.1780497164141406,4.626013402488151,High-Budget Tier,3,TV-Dominant Reach
187.9,17.2,17.9,14.7,223.0,0.8426008930825073,0.07713004449717469,0.08026905793601319,3231.88,3363.41,307.87999999999994,13.70766209096212,4.147288270665544,4.230839160261236,Mid-Budget Tier,3,TV-Dominant Reach
238.2,34.3,5.3,20.7,277.8,0.8574514008011108,0.12347012194575188,0.01907847365342522,8170.259999999999,1262.4599999999998,181.79,15.433729296576379,5.856620185738529,2.3021728866442674,High-Budget Tier,3,TV-Dominant Reach
137.9,46.4,59.0,19.2,243.3,0.5667899688993425,0.190711055525232,0.24249897146527344,6398.56,8136.1,2737.6,11.74308307047174,6.81175454637056,7.681145747868608,Mid-Budget Tier,2,Radio-Boosted Metro
25.0,11.0,29.7,7.2,65.7,0.3805174980134323,0.1674276991259102,0.45205478763995754,275.0,742.5,326.7,5.0,3.3166247903554,5.449770637375485,Low-Budget Tier,1,Conservative / Niche
90.4,0.3,23.2,8.7,113.9,0.7936786585278433,0.0026338893535216034,0.203687443339004,27.12,2097.28,6.96,9.50789145920377,0.5477225575051661,4.8166378315169185,Low-Budget Tier,1,Conservative / Niche
13.1,0.4,25.6,5.3,39.1,0.3350383546025996,0.010230178766491592,0.6547314410554619,5.24,335.36,10.240000000000002,3.6193922141707713,0.6324555320336759,5.059644256269407,Low-Budget Tier,1,Conservative / Niche
255.4,26.9,5.5,19.8,287.8,0.8874218176253585,0.09346768556821512,0.019110493331791198,6870.26,1404.7,147.95,15.981239000778382,5.186520991955976,2.345207879911715,High-Budget Tier,3,TV-Dominant Reach
225.8,8.2,56.5,13.4,290.5,0.7772805480988622,0.02822719439508711,0.19449225406370996,1851.56,12757.7,463.29999999999995,15.026643005009468,2.8635642126552705,7.516648189186454,High-Budget Tier,3,TV-Dominant Reach
241.7,38.0,23.2,21.8,302.9,0.7979531172071538,0.12545394478225835,0.07659293470916827,9184.6,5607.44,881.6,15.546703830716014,6.164414002968976,4.8166378315169185,High-Budget Tier,3,TV-Dominant Reach
175.7,15.4,2.4,14.1,193.5,0.9080103312247527,0.07958656289619348,0.012403100711095086,2705.7799999999997,421.67999999999995,36.96,13.255187663703596,3.924283374069717,1.5491933384829668,Mid-Budget Tier,3,TV-Dominant Reach
209.6,20.6,10.7,15.9,240.89999999999998,0.8700705650889557,0.08551266050015502,0.04441677025978925,4317.76,2242.72,220.42,14.477568856683085,4.538722287164087,3.271085446759225,Mid-Budget Tier,3,TV-Dominant Reach
78.2,46.8,34.5,14.6,159.5,0.49028212858757286,0.29341692606008196,0.21630093908275275,3659.7599999999998,2697.9,1614.6,8.843076387773658,6.841052550594828,5.873670062235365,Mid-Budget Tier,0,Radio-Boosted Metro
75.1,35.0,52.7,12.6,162.8,0.4613022084686596,0.21498771366715164,0.3237100717216826,2628.5,3957.77,1844.5,8.666025617317317,5.916079783099616,7.259476565152615,Mid-Budget Tier,2,Radio-Boosted Metro
139.2,14.3,25.6,12.2,179.1,0.7772194261461784,0.0798436623124307,0.14293690595791791,1990.56,3563.52,366.08000000000004,11.7983049630021,3.7815340802378077,5.059644256269407,Mid-Budget Tier,1,Conservative / Niche
76.4,0.8,14.8,9.4,92.0,0.8304347735822308,0.008695652079395088,0.1608695634688091,61.120000000000005,1130.72,11.840000000000002,8.740709353364863,0.8944271909999159,3.847076812334269,Low-Budget Tier,1,Conservative / Niche
125.7,36.9,79.2,15.9,241.8,0.5198511144753882,0.1526054584259493,0.32754342296301314,4638.33,9955.44,2922.48,11.211601134539169,6.074537019394976,8.899438184514796,Mid-Budget Tier,2,Radio-Boosted Metro
19.4,16.0,22.3,6.6,57.7,0.33622183126132005,0.2772963556794392,0.38648179572821845,310.4,432.62,356.8,4.404543109109048,4.0,4.722287581247038,Low-Budget Tier,1,Conservative / Niche
141.3,26.8,46.2,15.5,214.3,0.6593560398536816,0.12505832886113705,0.21558562661882583,3786.8400000000006,6528.060000000001,1238.16,11.88696765369537,5.176871642217914,6.797058187186572,Mid-Budget Tier,2,Radio-Boosted Metro
18.8,21.7,50.4,7.0,90.9,0.20682067979295182,0.2387238697610135,0.5544554394449346,407.96,947.52,1093.6799999999998,4.33589667773576,4.658325879540846,7.0992957397195395,Low-Budget Tier,1,Conservative / Niche
224.0,2.4,15.6,11.6,242.0,0.9256198308858685,0.00991735533092002,0.06446280965098013,537.6,3494.4,37.44,14.966629547095765,1.5491933384829668,3.9496835316262997,Mid-Budget Tier,3,TV-Dominant Reach
123.1,34.6,12.4,15.2,170.1,0.7236919416596593,0.20340975776948997,0.07289829469195594,4259.26,1526.44,429.04,11.095043938624128,5.882176467941097,3.521363372331802,Mid-Budget Tier,0,Radio-Boosted Metro
229.5,32.3,74.2,19.7,336.0,0.68303571225287,0.09613095209484834,0.2208333326760913,7412.849999999999,17028.9,2396.66,15.149257407543116,5.683308895353129,8.613942186943213,High-Budget Tier,2,Radio-Boosted Metro
87.2,11.8,25.9,10.6,124.9,0.6981585212317172,0.09447557970796173,0.20736589105391598,1028.96,2258.48,305.62,9.338094023943002,3.4351128074635335,5.089204259999788,Low-Budget Tier,1,Conservative / Niche
7.8,38.9,50.6,6.6,97.3,0.08016443905278069,0.39979444604527803,0.5200411046244491,303.41999999999996,394.68,1968.34,2.792848008753788,6.23698645180507,7.113367697511496,Low-Budget Tier,0,Radio-Boosted Metro
80.2,0.0,9.2,8.8,89.4,0.8970917125604954,0.0,0.1029082762538224,0.0,737.8399999999999,0.0,8.955445270895245,0.0,3.03315017762062,Low-Budget Tier,1,Conservative / Niche
220.3,49.0,3.2,24.7,272.5,0.8084403640057235,0.17981651310159077,0.011743119222961031,10794.7,704.96,156.8,14.842506526863986,7.0,1.7888543819998317,High-Budget Tier,0,Radio-Boosted Metro
59.6,12.0,43.1,9.7,114.69999999999999,0.5196163860539113,0.10462074886991501,0.3757628563577781,715.2,2568.76,517.2,7.720103626247513,3.4641016151377544,6.565059024867941,Low-Budget Tier,1,Conservative / Niche
0.7,39.6,8.7,1.6,49.0,0.014285713994169101,0.808163248812995,0.1775510167846731,27.72,6.089999999999999,344.52,0.8366600265340756,6.29285308902091,2.949576240750525,Low-Budget Tier,0,Radio-Boosted Metro
265.2,2.9,43.0,12.7,311.09999999999997,0.852459013653298,0.009321761461517964,0.13821922167078363,769.0799999999999,11403.6,124.7,16.284962388657824,1.70293863659264,6.557438524302,High-Budget Tier,3,TV-Dominant Reach
8.4,27.2,2.1,5.7,37.7,0.2228116651774094,0.72148539200304,0.05570291629435235,228.48,17.64,57.12,2.898275349237888,5.215361924162119,1.449137674618944,Low-Budget Tier,0,Radio-Boosted Metro
219.8,33.5,45.1,19.6,298.40000000000003,0.736595171794252,0.11226541517337327,0.15113940968116818,7363.3,9912.980000000001,1510.8500000000001,14.825653442597396,5.787918451395113,6.715653356152326,High-Budget Tier,2,Radio-Boosted Metro
36.9,38.6,65.6,10.8,141.1,0.2615166530012994,0.2735648456869962,0.4649184942245323,1424.34,2420.64,2532.16,6.074537019394976,6.212889826803627,8.099382692526634,Low-Budget Tier,2,Radio-Boosted Metro
48.3,47.0,8.5,11.6,103.8,0.465317914592313,0.45279382993454886,0.08188824583922692,2270.1,410.54999999999995,399.5,6.9498201415576215,6.855654600401044,2.9154759474226504,Low-Budget Tier,0,Radio-Boosted Metro
25.6,39.0,9.3,9.5,73.89999999999999,0.3464140683841128,0.5277401823039218,0.12584573578016597,998.4000000000001,238.08000000000004,362.70000000000005,5.059644256269407,6.244997998398398,3.0495901363953815,Low-Budget Tier,0,Radio-Boosted Metro
273.7,28.9,59.7,20.8,362.29999999999995,0.7554512813815863,0.07976814772352155,0.16478056813474867,7909.929999999999,16339.89,1725.33,16.543881044059763,5.375872022286245,7.726577508832744,High-Budget Tier,2,Radio-Boosted Metro
43.0,25.9,20.5,9.6,89.4,0.4809843346646047,0.2897091690189131,0.22930648513079993,1113.7,881.5,530.9499999999999,6.557438524302,5.089204259999788,4.527692569068709,Low-Budget Tier,0,Radio-Boosted Metro
184.9,43.9,1.7,20.7,230.5,0.8021691939168365,0.19045553062709097,0.0073752711176777825,8117.11,314.33,74.63,13.597793938724031,6.6257075093909785,1.3038404810405297,Mid-Budget Tier,0,Radio-Boosted Metro
73.4,17.0,12.9,10.9,103.30000000000001,0.710551784021764,0.16456921428296983,0.12487899201472417,1247.8000000000002,946.8600000000001,219.3,8.567379996241558,4.123105625617661,3.591656999213594,Low-Budget Tier,1,Conservative / Niche
193.7,35.4,75.6,19.2,304.7,0.6357072509494347,0.11617984865054201,0.24811289711810666,6856.98,14643.719999999998,2676.24,13.917614738165444,5.9497899122574065,8.694826047713663,High-Budget Tier,2,Radio-Boosted Metro
220.5,33.2,37.9,20.1,291.59999999999997,0.7561728369129876,0.11385459494562898,0.12997256471202825,7320.6,8356.949999999999,1258.28,14.849242404917497,5.761944116355173,6.156297588648554,High-Budget Tier,2,Radio-Boosted Metro
104.6,5.7,34.4,10.4,144.7,0.7228749086186945,0.039391844924728095,0.23773323954572745,596.22,3598.24,196.07999999999998,10.227414140436476,2.3874672772626644,5.865151319446072,Low-Budget Tier,1,Conservative / Niche
96.2,14.8,38.9,11.4,149.9,0.6417611698348155,0.09873248766689469,0.25950633582717586,1423.7600000000002,3742.18,575.72,9.808159868191384,3.847076812334269,6.23698645180507,Mid-Budget Tier,1,Conservative / Niche
140.3,1.9,9.0,10.3,151.20000000000002,0.9279100467730816,0.01256613748302819,0.05952380913013353,266.57,1262.7,17.099999999999998,11.844830095868831,1.378404875209022,3.0,Mid-Budget Tier,1,Conservative / Niche
240.1,7.3,8.7,13.2,256.1,0.9375244008687059,0.028504490322122253,0.03397110490444707,1752.73,2088.87,63.50999999999999,15.49516053482506,2.701851217221259,2.949576240750525,High-Budget Tier,3,TV-Dominant Reach
243.2,49.0,44.3,25.4,336.5,0.7227340245981158,0.14561664146919276,0.13164933096092324,11916.8,10773.759999999998,2170.7,15.594870951694341,7.0,6.6558245169174945,High-Budget Tier,2,Radio-Boosted Metro
38.0,40.3,11.9,10.9,90.2,0.4212860263715518,0.44678491744140886,0.1319290451005649,1531.3999999999999,452.2,479.57,6.164414002968976,6.348228099241551,3.449637662132068,Low-Budget Tier,0,Radio-Boosted Metro
44.7,25.8,20.6,10.1,91.1,0.4906695884668542,0.28320526582650646,0.2261251347296912,1153.2600000000002,920.8200000000002,531.48,6.685805860178712,5.079370039680118,4.538722287164087,Low-Budget Tier,0,Radio-Boosted Metro
280.7,13.9,37.0,16.1,331.59999999999997,0.8465018068561466,0.041917973335591156,0.11158021679258079,3901.73,10385.9,514.3000000000001,16.754103974847474,3.7282703764614498,6.082762530298219,High-Budget Tier,3,TV-Dominant Reach
121.0,8.4,48.7,11.6,178.10000000000002,0.6793935952869533,0.047164514052978584,0.27344188504524486,1016.4000000000001,5892.700000000001,409.08000000000004,11.0,2.898275349237888,6.978538528947161,Mid-Budget Tier,1,Conservative / Niche
197.6,23.3,14.2,16.6,235.1,0.8404934034857788,0.09910676265798911,0.06039982960272297,4604.08,2805.9199999999996,330.86,14.057026712644463,4.8270073544588685,3.7682887362833544,Mid-Budget Tier,3,TV-Dominant Reach
171.3,39.7,37.7,19.0,248.7,0.6887816618866842,0.15963007575540783,0.15158825833699938,6800.610000000001,6458.010000000001,1496.6900000000003,13.08816259067712,6.300793600809346,6.1400325732035,Mid-Budget Tier,2,Radio-Boosted Metro
187.8,21.1,9.5,15.6,218.4,0.8598901059528842,0.09661172116936026,0.043498168299001064,3962.5800000000004,1784.1000000000001,200.45000000000002,13.70401401050072,4.5934736311423405,3.082207001484488,Mid-Budget Tier,3,TV-Dominant Reach
4.1,11.6,5.7,3.2,21.4,0.19158877609398242,0.5420560494366332,0.2663551277404146,47.559999999999995,23.369999999999997,66.12,2.0248456731316584,3.40587727318528,2.3874672772626644,Low-Budget Tier,1,Conservative / Niche
93.9,43.5,50.5,15.3,187.9,0.4997338983516025,0.23150611904467205,0.2687599772817457,4084.65,4741.950000000001,2196.75,9.690201236300513,6.59545297913646,7.106335201775948,Mid-Budget Tier,2,Radio-Boosted Metro
149.8,1.3,24.3,10.1,175.40000000000003,0.8540478856667737,0.007411630516467328,0.13854047811550466,194.74,3640.1400000000003,31.590000000000003,12.239281024635394,1.140175425099138,4.929503017546495,Mid-Budget Tier,1,Conservative / Niche
11.7,36.9,45.2,7.3,93.8,0.12473347414996296,0.39339018770372935,0.48187632748532705,431.72999999999996,528.84,1667.88,3.420526275297414,6.074537019394976,6.723094525588644,Low-Budget Tier,0,Radio-Boosted Metro
131.7,18.4,34.6,12.9,184.7,0.7130481823873948,0.09962100649907414,0.18733080569934596,2423.2799999999997,4556.82,636.64,11.476062042355817,4.2895221179054435,5.882176467941097,Mid-Budget Tier,1,Conservative / Niche
172.5,18.1,30.7,14.4,221.29999999999998,0.7794848586557396,0.08178942574880514,0.13872571107670262,3122.2500000000005,5295.75,555.6700000000001,13.133925536563698,4.254409477236529,5.540758070878027,Mid-Budget Tier,3,TV-Dominant Reach
85.7,35.8,49.3,13.3,170.8,0.5017564373433464,0.2096018723091225,0.28864168449273014,3068.06,4225.01,1764.9399999999998,9.257429448826494,5.9833101206606365,7.021395872616783,Mid-Budget Tier,2,Radio-Boosted Metro
188.4,18.1,25.6,14.9,232.1,0.8117190831033215,0.07798362741066943,0.1102972851775214,3410.0400000000004,4823.04,463.36000000000007,13.725887949418793,4.254409477236529,5.059644256269407,Mid-Budget Tier,3,TV-Dominant Reach
163.5,36.8,7.4,18.0,207.70000000000002,0.7871930631333988,0.17717862216091176,0.035628309891052916,6016.799999999999,1209.9,272.32,12.786711852544421,6.06630035524124,2.7202941017470885,Mid-Budget Tier,0,Radio-Boosted Metro
117.2,14.7,5.4,11.9,137.3,0.8536052377741788,0.10706482077884324,0.03932993416365671,1722.84,632.8800000000001,79.38,10.825894882179487,3.8340579025361627,2.32379000772445,Low-Budget Tier,1,Conservative / Niche
234.5,3.4,84.8,11.9,322.7,0.7266811257307682,0.010536101609742481,0.262782769560636,797.3,19885.6,288.32,15.313392831113555,1.8439088914585775,9.20869154657707,High-Budget Tier,2,Radio-Boosted Metro
17.9,37.6,21.6,8.0,77.1,0.2321660151470037,0.4876783334931475,0.2801556383896805,673.04,386.64,812.1600000000001,4.230839160261236,6.131883886702357,4.6475800154489,Low-Budget Tier,0,Radio-Boosted Metro
206.8,5.2,19.4,12.2,231.4,0.8936905752217348,0.022471910015246715,0.08383751044149736,1075.3600000000001,4011.92,100.88,14.38054240979804,2.280350850198276,4.404543109109048,Mid-Budget Tier,3,TV-Dominant Reach
215.4,23.6,57.6,17.1,296.6,0.7262306111725199,0.07956844207832622,0.19420094337760976,5083.4400000000005,12407.04,1359.3600000000001,14.676511847165866,4.857983120596447,7.58946638440411,High-Budget Tier,2,Radio-Boosted Metro
284.3,10.6,6.4,15.0,301.3,0.9435778262742189,0.0351808827242586,0.021241287682571233,3013.58,1819.5200000000002,67.84,16.861198059449986,3.255764119219941,2.5298221281347035,High-Budget Tier,3,TV-Dominant Reach
50.0,11.6,18.4,8.4,80.0,0.6249999921875001,0.14499999818750003,0.22999999712500002,580.0,919.9999999999999,213.43999999999997,7.0710678118654755,3.40587727318528,4.2895221179054435,Low-Budget Tier,1,Conservative / Niche
164.5,20.9,47.4,14.5,232.8,0.7066151172396258,0.08977663191676703,0.20360824654807452,3438.0499999999997,7797.3,990.6599999999999,12.82575533838066,4.571651780264984,6.884765791223402,Mid-Budget Tier,2,Radio-Boosted Metro
19.6,20.1,17.0,7.6,56.7,0.3456790062490475,0.3544973482451967,0.2998236278690718,393.96000000000004,333.20000000000005,341.70000000000005,4.427188724235731,4.483302354291979,4.123105625617661,Low-Budget Tier,1,Conservative / Niche
168.4,7.1,12.8,11.7,188.3,0.8943175735830187,0.03770578843491349,0.06797663267139335,1195.6399999999999,2155.52,90.88,12.976902558006667,2.6645825188948455,3.5777087639996634,Mid-Budget Tier,3,TV-Dominant Reach
222.4,3.4,13.1,11.5,238.9,0.9309334410592991,0.014231896131302234,0.05483465862354684,756.16,2913.44,44.54,14.913081505845799,1.8439088914585775,3.6193922141707713,Mid-Budget Tier,3,TV-Dominant Reach
276.9,48.9,41.8,27.0,367.59999999999997,0.7532644157963427,0.13302502684160766,0.11371055464170143,13540.409999999998,11574.419999999998,2044.0199999999998,16.640312497065672,6.992853494818835,6.465291950097845,High-Budget Tier,2,Radio-Boosted Metro
248.4,30.2,20.3,20.2,298.90000000000003,0.8310471701871958,0.10103713582791188,0.06791569063929176,7501.68,5042.52,613.0600000000001,15.760710643876436,5.495452665613635,4.505552130427524,High-Budget Tier,3,TV-Dominant Reach
170.2,7.8,35.2,11.7,213.2,0.7983114409084829,0.036585365682057384,0.1651031887190282,1327.56,5991.04,274.56,13.046072205840346,2.792848008753788,5.932958789676531,Mid-Budget Tier,3,TV-Dominant Reach
276.7,2.3,23.7,11.8,302.7,0.9141063729299426,0.007598282102417303,0.07829534166403918,636.41,6557.79,54.50999999999999,16.63430190900718,1.51657508881031,4.868264577855234,High-Budget Tier,3,TV-Dominant Reach
165.6,10.0,17.6,12.6,193.2,0.8571428527063,0.05175983410062198,0.09109730801709469,1656.0,2914.56,176.0,12.86856635371633,3.1622776601683795,4.1952353926806065,Mid-Budget Tier,3,TV-Dominant Reach
156.6,2.6,8.3,10.5,167.5,0.9349253675526844,0.01552238796703052,0.0495522385101359,407.16,1299.78,21.580000000000002,12.513992168768526,1.61245154965971,2.8809720581775866,Mid-Budget Tier,1,Conservative / Niche
218.5,5.4,27.4,12.2,251.3,0.8694787072444142,0.021488260957070193,0.109033027819208,1179.9,5986.9,147.96,14.781745499094482,2.32379000772445,5.2345009313209605,High-Budget Tier,3,TV-Dominant Reach
56.2,5.7,29.7,8.7,91.60000000000001,0.6135371112059267,0.062227073556472993,0.3242358043205698,320.34000000000003,1669.14,169.29,7.496665925596525,2.3874672772626644,5.449770637375485,Low-Budget Tier,1,Conservative / Niche
287.6,43.0,71.8,26.2,402.40000000000003,0.7147117278461438,0.10685884665293527,0.17842942301583142,12366.800000000001,20649.68,3087.4,16.95877354056006,6.557438524302,8.473488065725943,High-Budget Tier,2,Radio-Boosted Metro
253.8,21.3,30.0,17.6,305.1,0.8318584043531353,0.06981317577904564,0.09832841659020512,5405.9400000000005,7614.0,639.0,15.931101656822104,4.61519230368573,5.477225575051661,High-Budget Tier,3,TV-Dominant Reach
205.0,45.1,19.6,22.6,269.7,0.7601038162398821,0.16722283957277406,0.07267334047952044,9245.5,4018.0000000000005,883.96,14.317821063276353,6.715653356152326,4.427188724235731,High-Budget Tier,0,Radio-Boosted Metro
139.5,2.1,26.6,10.3,168.2,0.8293697929288361,0.012485136667745918,0.15814506445811496,292.95,3710.7000000000003,55.86000000000001,11.811011811017716,1.449137674618944,5.157518783291051,Mid-Budget Tier,1,Conservative / Niche
191.1,28.7,18.2,17.3,237.99999999999997,0.802941173096886,0.1205882347874444,0.07647058791398913,5484.57,3478.02,522.3399999999999,13.82389236069205,5.357238094391549,4.266145801540309,Mid-Budget Tier,3,TV-Dominant Reach
286.0,13.9,3.7,15.9,303.59999999999997,0.9420289824043843,0.045783926067905385,0.012187088233902873,3975.4,1058.2,51.43000000000001,16.911534525287763,3.7282703764614498,1.9235384061671346,High-Budget Tier,3,TV-Dominant Reach
18.7,12.1,23.4,6.7,54.199999999999996,0.34501844381884794,0.22324722835337218,0.43173430937759577,226.26999999999998,437.58,283.14,4.324349662087931,3.478505426185217,4.8373546489791295,Low-Budget Tier,1,Conservative / Niche
39.5,41.1,5.8,10.8,86.39999999999999,0.457175920634538,0.4756944389387219,0.06712962885266634,1623.45,229.1,238.38,6.284902544988268,6.410928169929843,2.4083189157584592,Low-Budget Tier,0,Radio-Boosted Metro
75.5,10.8,6.0,9.9,92.3,0.8179848232070984,0.11700974954485646,0.06500541641380915,815.4000000000001,453.0,64.80000000000001,8.689073598491383,3.286335345030997,2.449489742783178,Low-Budget Tier,1,Conservative / Niche
17.2,4.1,31.6,5.9,52.9,0.3251417707912709,0.07750472443280294,0.5973534858723349,70.52,543.52,129.56,4.147288270665544,2.0248456731316584,5.621387729022079,Low-Budget Tier,1,Conservative / Niche
166.8,42.0,3.6,19.6,212.4,0.785310730765957,0.19774011206337047,0.016949152462574613,7005.6,600.48,151.20000000000002,12.915107432770352,6.48074069840786,1.8973665961010275,Mid-Budget Tier,0,Radio-Boosted Metro
149.7,35.6,6.0,17.3,191.29999999999998,0.7825405081937244,0.18609513755308346,0.031364349025800584,5329.32,898.1999999999999,213.60000000000002,12.235195135346228,5.966573556070519,2.449489742783178,Mid-Budget Tier,0,Radio-Boosted Metro
38.2,3.7,13.8,7.6,55.7,0.6858168638093921,0.06642728785588352,0.24775583038140342,141.34,527.1600000000001,51.06,6.180614856144977,1.9235384061671346,3.714835124201342,Low-Budget Tier,1,Conservative / Niche
94.2,4.9,8.1,9.7,107.2,0.8787313350864614,0.0457089547974911,0.07555970078768935,461.58000000000004,763.02,39.69,9.705668446840743,2.2135943621178655,2.8460498941515415,Low-Budget Tier,1,Conservative / Niche
177.0,9.3,6.4,12.8,192.70000000000002,0.9185262017720487,0.048261546194802565,0.033212246843735097,1646.1000000000001,1132.8,59.52000000000001,13.30413469565007,3.0495901363953815,2.5298221281347035,Mid-Budget Tier,3,TV-Dominant Reach
283.6,42.0,66.2,25.5,391.8,0.723838691363352,0.10719754949668824,0.16896375658763718,11911.2,18774.320000000003,2780.4,16.84042754801671,6.48074069840786,8.136338242723197,High-Budget Tier,2,Radio-Boosted Metro
232.1,8.6,8.7,13.4,249.39999999999998,0.9306335167175882,0.034482758482426795,0.034883720790361984,1996.06,2019.2699999999998,74.82,15.234828518890522,2.932575659723036,2.949576240750525,Mid-Budget Tier,3,TV-Dominant Reach
